{"timesteps": 428, "ep_reward": 241.12048356896997, "_timestamp": 1668864276.118094, "_runtime": 3864.886339902878, "_step": 2500, "_wandb": {"runtime": 3857}}