{"timesteps": 377, "ep_reward": -600.02508737894, "_timestamp": 1668891690.4141967, "_runtime": 239.7256796360016, "_step": 2000, "_wandb": {"runtime": 240}}