{"timesteps": 101, "ep_reward": -108.82201556176382, "_timestamp": 1669071687.5418198, "_runtime": 1.7744808197021484, "_step": 10, "_wandb": {"runtime": 0}}