{"timesteps": 68, "ep_reward": -109.06992603447475, "_timestamp": 1669072354.026204, "_runtime": 1.7883150577545166, "_step": 10, "_wandb": {"runtime": 0}}