{"timesteps": 1600, "ep_reward": -76.5906178383839, "_timestamp": 1669121975.3144963, "_runtime": 177.87895727157593, "_step": 166, "_wandb": {"runtime": 180}}