{"timesteps": 172, "ep_reward": -244.53703303846999, "_timestamp": 1668848643.5338943, "_runtime": 9.383222341537476, "_step": 20, "_wandb": {"runtime": 9}}