{"num_episodes": 2500, "early_stop_episode": 1825, "first_episode_over_target": 1075, "first_episode_test_over_target": 1500, "time_for_all_episodes": 9110.06059541, "time_until_early_stop": 1671034100.6839845, "time_until_over_target": 3720.8369309329996, "time_until_test_over_target": 1671032391.1810389, "early_stop_avg_rew": 290.87617737746916, "end_avg_rew": 278.57518422215605}