{"timesteps": 108, "ep_reward": -109.94666213681735, "_timestamp": 1669071673.59172, "_runtime": 2.2998831272125244, "_step": 10, "_wandb": {"runtime": 0}}