{"timesteps": 81, "ep_reward": -933.2467479288651, "_timestamp": 1668796905.1789207, "_runtime": 133.32580184936523, "_step": 600, "_wandb": {"runtime": 132}}