{"timesteps": 289, "ep_reward": -107.65112498716805, "_timestamp": 1669110068.0583441, "_runtime": 4774.954277038574, "_step": 2000, "_wandb": {"runtime": 4774}}