{"timesteps": 185, "ep_reward": 281.7305075808854, "_timestamp": 1668888686.2771945, "_runtime": 1194.657024383545, "_step": 1000, "_wandb": {"runtime": 1194}}