{"timesteps": 662, "ep_reward": 235.95347569644332, "_timestamp": 1669170016.8519235, "_runtime": 3353.1793315410614, "_step": 1898}