{"timesteps": 1052, "ep_reward": 286.2122085357256, "_timestamp": 1669140889.0356503, "_runtime": 6616.062361240387, "_step": 2450, "_wandb": {"runtime": 6634}}