{"timesteps": 191, "ep_reward": -83.9563485342233, "_timestamp": 1668718404.122033, "_runtime": 3761.27481508255, "_step": 2000, "_wandb": {"runtime": 3760}}