{"timesteps": 1394, "ep_reward": 264.205922795144, "_timestamp": 1669125709.5819106, "_runtime": 3642.860236644745, "_step": 1350, "_wandb": {"runtime": 3644}}