{"timesteps": 138, "ep_reward": 255.24793522834472, "_timestamp": 1668992907.3884268, "_runtime": 348.9871597290039, "_step": 3292, "_wandb": {"runtime": 348}}