{"timesteps": 51, "ep_reward": -449.0635023614391, "_timestamp": 1668852216.6163976, "_runtime": 182.16313457489014, "_step": 1000, "_wandb": {"runtime": 181}}