{"timesteps": 692, "ep_reward": 159.62418041834854, "_timestamp": 1668856830.4039314, "_runtime": 3457.39364528656, "_step": 2500, "_wandb": {"runtime": 3461}}