{"timesteps": 867, "ep_reward": 273.8995007466034, "_timestamp": 1669200914.7215965, "_runtime": 5283.4804055690765, "_step": 4100, "_wandb": {"runtime": 5299}}