{"timesteps": 370, "ep_reward": -145.25331171742585, "_timestamp": 1669071107.7205217, "_runtime": 2798.749502658844, "_step": 1281, "_wandb": {"runtime": 2800}}