{"timesteps": 49, "ep_reward": -103.8805636536864, "_timestamp": 1669030992.572376, "_runtime": 2261.635833978653, "_step": 1595, "_wandb": {"runtime": 2260}}