{"timesteps": 191, "ep_reward": -346.29927605788055, "_timestamp": 1668799424.424765, "_runtime": 21.00859808921814, "_step": 88, "_wandb": {"runtime": 20}}