{"timesteps": 143, "ep_reward": -109.31678337226745, "_timestamp": 1669071665.863233, "_runtime": 1.8337011337280273, "_step": 10, "_wandb": {"runtime": 0}}