{"timesteps": 128, "ep_reward": -376.41564357895163, "_timestamp": 1668771994.5950663, "_runtime": 898.3537492752075, "_step": 5000, "_wandb": {"runtime": 897}}