{"timesteps": 1000, "ep_reward": 71.56931999451031, "_timestamp": 1668902307.0021126, "_runtime": 4433.3952896595, "_step": 5000, "_wandb": {"runtime": 4436}}