{"timesteps": 270, "ep_reward": -187.67268448771836, "_timestamp": 1668804608.5034728, "_runtime": 186.77196788787842, "_step": 204, "_wandb": {"runtime": 188}}