{"timesteps": 673, "ep_reward": 56.97990496003135, "_timestamp": 1669133841.902338, "_runtime": 7943.77413392067, "_step": 2890, "_wandb": {"runtime": 7945}}