{"timesteps": 969, "ep_reward": 285.01390749647544, "_timestamp": 1669036012.3855124, "_runtime": 4895.668432235718, "_step": 3000, "_wandb": {"runtime": 4897}}