{"timesteps": 1600, "ep_reward": -181.0890293212556, "_timestamp": 1669084296.627951, "_runtime": 224.12387585639954, "_step": 103}