{"timesteps": 350, "ep_reward": -252.6670321743227, "_timestamp": 1668796706.653458, "_runtime": 1030.227625131607, "_step": 1000, "_wandb": {"runtime": 1029}}