{"timesteps": 1312, "ep_reward": 260.87176531632895, "_timestamp": 1669155589.8703578, "_runtime": 6558.726814746857, "_step": 2250, "_wandb": {"runtime": 6578}}