{"timesteps": 653, "ep_reward": 186.97893231657872, "_timestamp": 1668850367.1858633, "_runtime": 1560.0115213394165, "_step": 1000, "_wandb": {"runtime": 1564}}