{"timesteps": 201, "ep_reward": 307.56079385591727, "_timestamp": 1668887484.7320597, "_runtime": 1087.4380857944489, "_step": 1000, "_wandb": {"runtime": 1087}}