{"timesteps": 41, "ep_reward": -116.83736581526634, "_timestamp": 1669071630.1090093, "_runtime": 1.86983323097229, "_step": 10, "_wandb": {"runtime": 0}}