{"timesteps": 846, "ep_reward": 269.4243843158272, "_timestamp": 1669028724.5804713, "_runtime": 4282.072622299194, "_step": 2000, "_wandb": {"runtime": 4283}}