{"timesteps": 676, "ep_reward": 163.02236747710558, "_timestamp": 1668852024.6684062, "_runtime": 1088.742002248764, "_step": 1000, "_wandb": {"runtime": 1092}}