{"logstd": [0.011809003539383411, 0.012372583150863647], "timesteps": 331, "ep_reward": -519.1392305363956, "_timestamp": 1668895432.7236857, "_runtime": 244.57241582870483, "_step": 1221, "_wandb": {"runtime": 244}}