{"timesteps": 369, "ep_reward": 250.2596972840604, "_timestamp": 1668860403.7896667, "_runtime": 3563.1708846092224, "_step": 2500, "_wandb": {"runtime": 3564}}