{"timesteps": 43, "ep_reward": -122.78824641724427, "_timestamp": 1668993586.4139905, "_runtime": 570.1872384548187, "_step": 5000, "_wandb": {"runtime": 569}}