{"timesteps": 479, "ep_reward": 157.44371290303883, "_timestamp": 1668906422.8613906, "_runtime": 4106.71585059166, "_step": 5000, "_wandb": {"runtime": 4109}}