{"timesteps": 150, "ep_reward": -108.26907853836255, "_timestamp": 1669071716.8228407, "_runtime": 1.873396635055542, "_step": 10, "_wandb": {"runtime": 0}}