{"timesteps": 1079, "ep_reward": 280.7537994928712, "_timestamp": 1669209416.9421656, "_runtime": 8027.110517501831, "_step": 2950, "_wandb": {"runtime": 8044}}