{"timesteps": 494, "ep_reward": 192.41659230247075, "_timestamp": 1668853328.9264104, "_runtime": 1106.8871295452118, "_step": 715, "_wandb": {"runtime": 1106}}