{"timesteps": 159, "ep_reward": -455.5405420948293, "_timestamp": 1668891096.719585, "_runtime": 762.3383870124817, "_step": 2000, "_wandb": {"runtime": 762}}