{"timesteps": 235, "ep_reward": -154.7534542504473, "_timestamp": 1668897555.347418, "_runtime": 481.0942521095276, "_step": 949, "_wandb": {"runtime": 480}}