{"timesteps": 566, "ep_reward": -148.30773795879293, "_timestamp": 1669040736.1877735, "_runtime": 4716.602154493332, "_step": 3000, "_wandb": {"runtime": 4718}}