{"timesteps": 106, "ep_reward": -118.73466755599219, "_timestamp": 1669071724.345127, "_runtime": 2.1675350666046143, "_step": 10, "_wandb": {"runtime": 0}}