{"num_episodes": 5000, "early_stop_episode": 1200, "first_episode_over_target": 150, "time_for_all_episodes": 2929.6215388680066, "time_until_early_stop": 2337.612158659018, "time_until_over_target": 153.65902395600006, "early_stop_avg_rew": 128.80799557797843, "end_avg_rew": 34.65445484617766}