{"timesteps": 1600, "ep_reward": -94.20399652864988, "_timestamp": 1669071644.7977164, "_runtime": 2.204165458679199, "_step": 10, "_wandb": {"runtime": 0}}