{"timesteps": 44, "ep_reward": -118.77042919201094, "_timestamp": 1669072348.014207, "_runtime": 2.0353848934173584, "_step": 10, "_wandb": {"runtime": 1}}