{"timesteps": 70, "ep_reward": -114.33128242534833, "_timestamp": 1669071709.5982983, "_runtime": 1.8516862392425537, "_step": 10, "_wandb": {"runtime": 0}}