{"timesteps": 153, "ep_reward": -78.96891730744844, "_timestamp": 1668892435.1358519, "_runtime": 452.28599977493286, "_step": 2000, "_wandb": {"runtime": 452}}