{"timesteps": 93, "ep_reward": -113.32674071720119, "_timestamp": 1669072905.3285944, "_runtime": 96.36914539337158, "_step": 280, "_wandb": {"runtime": 95}}