{"timesteps": 538, "ep_reward": 67.02555537153862, "_timestamp": 1669105285.848072, "_runtime": 5636.126075029373, "_step": 2000, "_wandb": {"runtime": 5637}}