{"timesteps": 95, "ep_reward": 15.846882321787959, "_timestamp": 1668896672.4855778, "_runtime": 1039.3940978050232, "_step": 2000, "_wandb": {"runtime": 1040}}