{"timesteps": 188, "ep_reward": -281.5900604419429, "_timestamp": 1668771004.5514271, "_runtime": 1244.5602161884308, "_step": 5000, "_wandb": {"runtime": 1244}}