{"timesteps": 58, "ep_reward": -104.52909562539807, "_timestamp": 1668994260.0705967, "_runtime": 669.8962686061859, "_step": 5000, "_wandb": {"runtime": 668}}