{"timesteps": 154, "ep_reward": -1165.9995481810047, "_timestamp": 1668848622.5056565, "_runtime": 2.154789447784424, "_step": 20, "_wandb": {"runtime": 1}}