{"num_episodes": 2000, "early_stop_episode": 1543, "first_episode_over_target": 721, "time_for_all_episodes": 1927.1259572530114, "time_until_early_stop": 1927.1259572530114, "time_until_over_target": 883.6491758440002, "early_stop_avg_rew": 237.51826291895358, "end_avg_rew": 252.78035921047575}