{"num_episodes": 2000, "early_stop_episode": 2000, "first_episode_over_target": 1092, "time_for_all_episodes": 2737.2795704649916, "time_until_early_stop": 2737.2795704649916, "time_until_over_target": 1186.725269865, "early_stop_avg_rew": 264.8767483400783, "end_avg_rew": 286.5261493900656}