{"timesteps": 43, "ep_reward": -115.13204341636754, "_timestamp": 1669120784.715062, "_runtime": 127.90081787109375, "_step": 100, "_wandb": {"runtime": 126}}