{"timesteps": 1600, "ep_reward": 173.20800191407426, "_timestamp": 1669299860.0256743, "_runtime": 6531.075331449509, "_step": 2050, "_wandb": {"runtime": 6558}}