{"timesteps": 9, "ep_reward": 0.4150894078920617, "_timestamp": 1668992429.7904346, "_runtime": 24.992701530456543, "_step": 1000, "_wandb": {"runtime": 24}}