{"timesteps": 9, "ep_reward": -1.705694736269773, "_timestamp": 1668991899.036458, "_runtime": 47.150444984436035, "_step": 2000, "_wandb": {"runtime": 48}}