{"timesteps": 664, "ep_reward": 140.8768334504822, "_timestamp": 1669166630.8374429, "_runtime": 5498.970499992371, "_step": 3000, "_wandb": {"runtime": 5526}}