{"timesteps": 271, "ep_reward": -59.742467265036595, "_timestamp": 1669252356.2357576, "_runtime": 15802.190294504166, "_step": 5000, "_wandb": {"runtime": 15819}}