{"timesteps": 152, "ep_reward": -158.04434856972517, "_timestamp": 1668769743.7180967, "_runtime": 540.8867588043213, "_step": 2358, "_wandb": {"runtime": 541}}