{"timesteps": 152, "ep_reward": 194.64962176615808, "_timestamp": 1668991693.4880502, "_runtime": 423.90456533432007, "_step": 4484, "_wandb": {"runtime": 423}}