{"timesteps": 118, "ep_reward": -108.99924349858799, "_timestamp": 1669071637.2538033, "_runtime": 1.8142683506011963, "_step": 10, "_wandb": {"runtime": 0}}