{"timesteps": 53, "ep_reward": -647.7324560928698, "_timestamp": 1668797979.5529912, "_runtime": 227.6331672668457, "_step": 1000, "_wandb": {"runtime": 227}}