{"timesteps": 1322, "ep_reward": 265.5842379067586, "_timestamp": 1669115165.1674106, "_runtime": 5091.207991600037, "_step": 2000, "_wandb": {"runtime": 5093}}