{"timesteps": 116, "ep_reward": -109.09347953576284, "_timestamp": 1669071702.3607116, "_runtime": 1.845151662826538, "_step": 10, "_wandb": {"runtime": 0}}