{"timesteps": 95, "ep_reward": -104.95209503239393, "_timestamp": 1668762435.3189733, "_runtime": 2500.83824133873, "_step": 10000, "_wandb": {"runtime": 2500}}