{"timesteps": 735, "ep_reward": -196.93640058704514, "_timestamp": 1669157905.8716965, "_runtime": 190.92392444610596, "_step": 163, "_wandb": {"runtime": 191}}