{"timesteps": 447, "ep_reward": -56.28039202185655, "_timestamp": 1669214817.8571749, "_runtime": 5377.159336805344, "_step": 1762}