{"timesteps": 88, "ep_reward": -125.6454691975924, "_timestamp": 1669084068.340691, "_runtime": 1513.7862470149994, "_step": 1000, "_wandb": {"runtime": 1512}}