{"timesteps": 361, "ep_reward": 254.68597967921693, "_timestamp": 1668886390.521341, "_runtime": 1245.7113599777222, "_step": 1000, "_wandb": {"runtime": 1247}}