{"timesteps": 55, "ep_reward": -100.96999705275458, "_timestamp": 1668995143.164015, "_runtime": 879.0545461177826, "_step": 5000, "_wandb": {"runtime": 878}}