{"timesteps": 1000, "ep_reward": -35.32637116417413, "_timestamp": 1668897015.2642143, "_runtime": 336.1638991832733, "_step": 468, "_wandb": {"runtime": 336}}