{"timesteps": 852, "ep_reward": -180.4428525129548, "_timestamp": 1668883182.4837599, "_runtime": 761.6181838512421, "_step": 580, "_wandb": {"runtime": 761}}