{"timesteps": 108, "ep_reward": -109.83307741151253, "_timestamp": 1668711962.9431243, "_runtime": 1502.3381023406982, "_step": 5000, "_wandb": {"runtime": 1501}}