{"timesteps": 141, "ep_reward": -928.5220545028603, "_timestamp": 1668848629.677662, "_runtime": 2.5669479370117188, "_step": 20, "_wandb": {"runtime": 1}}