{"timesteps": 1261, "ep_reward": 279.7117035911119, "_timestamp": 1669293221.9049003, "_runtime": 6537.332065343857, "_step": 1900, "_wandb": {"runtime": 6576}}