{"timesteps": 127, "ep_reward": -134.0973138587245, "_timestamp": 1669256768.5674675, "_runtime": 11308.97987151146, "_step": 4246}