{"timesteps": 197, "ep_reward": -100.33961854847426, "_timestamp": 1668732374.7238762, "_runtime": 12394.706044197083, "_step": 6846}