{"timesteps": 1600, "ep_reward": -168.4263692145815, "_timestamp": 1669201128.7989635, "_runtime": 193.21009349822998, "_step": 195, "_wandb": {"runtime": 195}}