{"timesteps": 1014, "ep_reward": 294.2237725892068, "_timestamp": 1669286648.517903, "_runtime": 7157.058715105057, "_step": 2350, "_wandb": {"runtime": 7187}}