{"timesteps": 1000, "ep_reward": 34.82192664699529, "_timestamp": 1668804178.3097565, "_runtime": 604.3902904987335, "_step": 600, "_wandb": {"runtime": 608}}