{"timesteps": 119, "ep_reward": -108.26456681961255, "_timestamp": 1669071616.3974845, "_runtime": 2.1956746578216553, "_step": 10, "_wandb": {"runtime": 1}}