{"timesteps": 1600, "ep_reward": -98.61548502226354, "_timestamp": 1668759914.483428, "_runtime": 1427.5786390304565, "_step": 4737, "_wandb": {"runtime": 1427}}