{"timesteps": 622, "ep_reward": -255.69201788811367, "_timestamp": 1668800674.4569232, "_runtime": 1223.8898372650146, "_step": 1000, "_wandb": {"runtime": 1226}}