{"timesteps": 90, "ep_reward": -97.0922273859034, "_timestamp": 1669120847.5015938, "_runtime": 56.96250772476196, "_step": 63, "_wandb": {"runtime": 56}}