{"timesteps": 1600, "ep_reward": -33.17601624143494, "_timestamp": 1669149019.5494325, "_runtime": 8106.831805467606, "_step": 2950, "_wandb": {"runtime": 8110}}