{"timesteps": 424, "ep_reward": -91.66577677761455, "_timestamp": 1668885123.3029969, "_runtime": 1768.8030138015747, "_step": 510, "_wandb": {"runtime": 1772}}