{"timesteps": 560, "ep_reward": -175.55568522956003, "_timestamp": 1669045307.6897624, "_runtime": 4563.900177240372, "_step": 3000, "_wandb": {"runtime": 4563}}