{"timesteps": 91, "ep_reward": -111.31556925279337, "_timestamp": 1669120650.3225198, "_runtime": 105.29460573196411, "_step": 100, "_wandb": {"runtime": 105}}