{"timesteps": 139, "ep_reward": -109.57064543607272, "_timestamp": 1669071695.1180947, "_runtime": 1.9047067165374756, "_step": 10, "_wandb": {"runtime": 0}}