{"timesteps": 884, "ep_reward": -126.99403449446807, "_timestamp": 1668799373.234683, "_runtime": 1333.1216521263123, "_step": 1000, "_wandb": {"runtime": 1340}}