{"timesteps": 1600, "ep_reward": -187.6163732511558, "_timestamp": 1669082548.9349406, "_runtime": 3085.217156648636, "_step": 1000, "_wandb": {"runtime": 3083}}