{"timesteps": 92, "ep_reward": -109.32649299115377, "_timestamp": 1669071680.5084484, "_runtime": 2.067897319793701, "_step": 10, "_wandb": {"runtime": 0}}