{"timesteps": 267, "ep_reward": -479.2908392592832, "_timestamp": 1668891445.3518956, "_runtime": 341.72659158706665, "_step": 2000, "_wandb": {"runtime": 341}}