{"timesteps": 518, "ep_reward": -196.78967061123404, "_timestamp": 1668850749.7628126, "_runtime": 371.96789264678955, "_step": 238, "_wandb": {"runtime": 372}}