{"timesteps": 84, "ep_reward": -107.96770822193659, "_timestamp": 1669071651.5536497, "_runtime": 1.829894781112671, "_step": 10, "_wandb": {"runtime": 0}}