{"timesteps": 892, "ep_reward": 132.72029440838207, "_timestamp": 1668797610.6828253, "_runtime": 672.3164403438568, "_step": 600, "_wandb": {"runtime": 671}}