{"timesteps": 989, "ep_reward": 285.9619049332128, "_timestamp": 1669236532.5925307, "_runtime": 8829.661699771881, "_step": 3600, "_wandb": {"runtime": 8846}}