{"timesteps": 1600, "ep_reward": -187.6163732511558, "_timestamp": 1669076942.1235666, "_runtime": 3973.798599720001, "_step": 1000, "_wandb": {"runtime": 3973}}