{"timesteps": 276, "ep_reward": -115.21628121820433, "_timestamp": 1668719957.992904, "_runtime": 375.06721091270447, "_step": 319, "_wandb": {"runtime": 377}}