{"timesteps": 1000, "ep_reward": 126.82830248891145, "_timestamp": 1668805983.1640801, "_runtime": 1347.3046391010284, "_step": 1000, "_wandb": {"runtime": 1346}}