{"timesteps": 173, "ep_reward": -98.20532390349234, "_timestamp": 1669195308.8439093, "_runtime": 2895.143535375595, "_step": 5000, "_wandb": {"runtime": 2899}}