{"timesteps": 1000, "ep_reward": 95.74830103069277, "_timestamp": 1668932784.6732206, "_runtime": 4162.820974588394, "_step": 5000, "_wandb": {"runtime": 4172}}