{"timesteps": 250, "ep_reward": -213.2943697541771, "_timestamp": 1668892627.3110425, "_runtime": 185.50404953956604, "_step": 1004, "_wandb": {"runtime": 184}}