{"timesteps": 1000, "ep_reward": -46.70843473110056, "_timestamp": 1668909458.3977566, "_runtime": 3027.1484825611115, "_step": 4299}