{"timesteps": 526, "ep_reward": 239.15732178525283, "_timestamp": 1669161105.4373744, "_runtime": 3107.855055332184, "_step": 1650, "_wandb": {"runtime": 3129}}