{"timesteps": 212, "ep_reward": -247.13608629515028, "_timestamp": 1668803539.1030288, "_runtime": 248.85386776924133, "_step": 642, "_wandb": {"runtime": 248}}