{"timesteps": 47, "ep_reward": -123.16693348010506, "_timestamp": 1669079459.726588, "_runtime": 2512.592260122299, "_step": 1000, "_wandb": {"runtime": 2510}}