{"timesteps": 119, "ep_reward": -108.28708561597702, "_timestamp": 1669071622.8477883, "_runtime": 1.869605302810669, "_step": 10, "_wandb": {"runtime": 0}}