{"timesteps": 138, "ep_reward": -108.49579442098178, "_timestamp": 1669071658.7753017, "_runtime": 1.8827157020568848, "_step": 10, "_wandb": {"runtime": 0}}