{"timesteps": 282, "ep_reward": -58.89572328783705, "_timestamp": 1668801536.545558, "_runtime": 833.345251083374, "_step": 1000, "_wandb": {"runtime": 836}}